{"Common.Close":"Close","Common.Colon":"{text}:","Common.FileSize.ToGb":"{volume} GB","Common.FileSize.ToKb":"{volume} kB","Common.FileSize.ToMb":"{volume} MB","Common.ImageZoom.Tooltip.Decrease":"Zoom out","Common.ImageZoom.Tooltip.Increase":"Zoom in","Common.ImageZoom.Tooltip.ResetScale":"Reset to original size","Common.Quotes":"\"{text}\"","Roll.Common.ChapterDefaultTitle":"New Chapter","Roll.Common.CurrentChapterFromTotal":"Chapter {current} of {total}","Roll.Common.IntroDefaultTitle":"New Page","Roll.Common.NavigationPanel.IntroTitle":"Introduction","Roll.Editor.AttachmentBlock.DownloadButtonTooltip":"Download","Roll.Editor.AttachmentBlock.UpdateButtonTooltip":"Replace","Roll.Editor.CropAction.TooltipText":"Crop","Roll.Editor.ImageControls.MediaToolbar.DeleteTooltip":"Delete","Roll.Editor.ImageControls.MediaToolbar.Replace":"Replace","Roll.Editor.ImageControls.MoveLeftTooltip":"Move left","Roll.Editor.ImageControls.MoveRightTooltip":"Move right","Roll.Editor.MediaCaptionDefaultText":"Add a caption (optional)","Roll.Exercise.Player.Button.Next":"Next","Roll.Exercise.Player.Button.RestartExercise":"TRY AGAIN","Roll.Exercise.Player.Button.Submit":"Submit","Roll.Exercise.Player.Content.TypeIn.AcceptableResponses":"Acceptable responses","Roll.Exercise.Player.Content.TypeIn.Placeholder":"Type your answer…","Roll.Exercise.Player.Status.Correct":"Correct","Roll.Exercise.Player.Status.Incorrect":"Incorrect","Roll.Exercise.Question.Content.PossibleAnswer":"Answer choice","Roll.Exercise.TypeIn.Answer":"Answer","Roll.Note.Placeholder":"Type your text here…","Roll.Player.Complete":"Complete","Roll.Player.Continue":"Continue","Roll.Player.GotoNextChapterLink":"Next: {title}","Roll.Player.LockedNavigationItemTooltipText":"Complete chapters in order","TrialWatermark.Text.Learn":"Created with trial version of iSpring Learn","TrialWatermark.Text.Page":"Created with trial version of iSpring Page","TrialWatermark.Text.Space":"Created with trial version of iSpring Space"}